insert into ESTADO(ESTADO_ID, DESCRIPCION) values (1,'Activo');
insert into ESTADO(ESTADO_ID, DESCRIPCION) values (2,'Inactivo');
insert into ESTADO(ESTADO_ID, DESCRIPCION) values (3,'Borrado');

insert into ESTADO_REGISTRO(ESTADO_REGISTRO_ID, DESCRIPCION) values (1,'Registrado');
insert into ESTADO_REGISTRO(ESTADO_REGISTRO_ID, DESCRIPCION) values (2,'Pendiente Confirmacion');
insert into ESTADO_REGISTRO(ESTADO_REGISTRO_ID, DESCRIPCION) values (3,'Aceptado');
insert into ESTADO_REGISTRO(ESTADO_REGISTRO_ID, DESCRIPCION) values (4,'Rechazado');

insert into SEXO(SEXO_ID, DESCRIPCION) values (1,'Masculino');
insert into SEXO(SEXO_ID, DESCRIPCION) values (2,'Femenino');

insert into PRINCIPIANTE (NOMBRE, APELLIDO_PATERNO, APELLIDO_MATERNO, ESTADO_ID, ESTADO_REGISTRO_ID, SEXO_ID, FECHA_CREACION) values ('Pepe Luis','Tupac','Amaru',1,1,1,'2011-01-01 11:42:29,000000000');
insert into PRINCIPIANTE (NOMBRE, APELLIDO_PATERNO, APELLIDO_MATERNO, ESTADO_ID, ESTADO_REGISTRO_ID, SEXO_ID, FECHA_CREACION) values ('Pepe Lucho','Tupac','Amaru',1,1,1,'2011-01-01 11:42:29,000000000');
insert into PRINCIPIANTE (NOMBRE, APELLIDO_PATERNO, APELLIDO_MATERNO, ESTADO_ID, ESTADO_REGISTRO_ID, SEXO_ID, FECHA_CREACION) values ('Pepe Juan','Tupac','Amaru',1,1,1,'2011-01-01 11:42:29,000000000');
insert into PRINCIPIANTE (NOMBRE, APELLIDO_PATERNO, APELLIDO_MATERNO, ESTADO_ID, ESTADO_REGISTRO_ID, SEXO_ID, FECHA_CREACION) values ('Pepe Marcelo','Tupac','Amaru',1,1,1,'2011-01-01 11:42:29,000000000');
insert into PRINCIPIANTE (NOMBRE, APELLIDO_PATERNO, APELLIDO_MATERNO, ESTADO_ID, ESTADO_REGISTRO_ID, SEXO_ID, FECHA_CREACION) values ('Pepe Tito','Tupac','Amaru',1,1,1,'2011-01-01 11:42:29,000000000');
insert into PRINCIPIANTE (NOMBRE, APELLIDO_PATERNO, APELLIDO_MATERNO, ESTADO_ID, ESTADO_REGISTRO_ID, SEXO_ID, FECHA_CREACION) values ('Lucho Juan','Mamani','Quispe',1,1,1,'2011-02-02 16:00:29,000000000');
insert into PRINCIPIANTE (NOMBRE, APELLIDO_PATERNO, APELLIDO_MATERNO, ESTADO_ID, ESTADO_REGISTRO_ID, SEXO_ID, FECHA_CREACION) values ('Lucho Enrique','Mamani','Quispe',1,1,1,'2011-03-03 20:00:29,000000000');
insert into PRINCIPIANTE (NOMBRE, APELLIDO_PATERNO, APELLIDO_MATERNO, ESTADO_ID, ESTADO_REGISTRO_ID, SEXO_ID, FECHA_CREACION) values ('Lucho Diego','Mamani','Quispe',1,1,1,'2011-03-03 20:00:29,000000000');
insert into PRINCIPIANTE (NOMBRE, APELLIDO_PATERNO, APELLIDO_MATERNO, ESTADO_ID, ESTADO_REGISTRO_ID, SEXO_ID, FECHA_CREACION) values ('Diego','Perez','Trigo',2,1,1,'2011-03-03 20:00:29,000000000');
insert into PRINCIPIANTE (NOMBRE, APELLIDO_PATERNO, APELLIDO_MATERNO, ESTADO_ID, ESTADO_REGISTRO_ID, SEXO_ID, FECHA_CREACION) values ('Marcelo','Frio','Rodriguez',3,1,1,'2011-03-03 20:00:29,000000000');
